{
	"templates": [{
			"structure": "<cml><MDocument><MChemicalStruct><molecule molID=\"m1\" title=\"Ac\"><atomArray><atom id=\"a1\" elementType=\"C\" x2=\"2.30999998152\" y2=\"-1.3337333226634667\" sgroupRef=\"sg1\"/><atom id=\"a2\" elementType=\"C\" x2=\"3.6437333041834665\" y2=\"-2.1037333165034666\" sgroupRef=\"sg1\" sgroupAttachmentPoint=\"1\"/><atom id=\"a3\" elementType=\"O\" x2=\"4.97727996018176\" y2=\"-1.3337333226634667\" lonePair=\"2\" sgroupRef=\"sg1\"/></atomArray><bondArray><bond atomRefs2=\"a1 a2\" order=\"1\" id=\"b1\"/><bond atomRefs2=\"a2 a3\" order=\"2\" id=\"b2\"/></bondArray><molecule id=\"sg1\" molID=\"m2\" role=\"SuperatomSgroup\" title=\"Ac\"/></molecule></MChemicalStruct><MElectronContainer occupation=\"0 0\" radical=\"0\" id=\"o1\"><MElectron atomRefs=\"m1.a3\" difLoc=\"0.0 0.0 0.0\"/><MElectron atomRefs=\"m1.a3\" difLoc=\"0.0 0.0 0.0\"/></MElectronContainer><MElectronContainer occupation=\"0 0\" radical=\"0\" id=\"o2\"><MElectron atomRefs=\"m1.a3\" difLoc=\"0.0 0.0 0.0\"/><MElectron atomRefs=\"m1.a3\" difLoc=\"0.0 0.0 0.0\"/></MElectronContainer></MDocument></cml>",
			"name": "Ac"
		},
		{"structure":"<?xml version=\"1.0\" encoding=\"windows-1250\"?>\n<cml xmlns=\"http://www.chemaxon.com\" xmlns:xsi=\"http://www.w3.org/2001/XMLSchema-instance\" xsi:schemaLocation=\"http://www.chemaxon.com/marvin/schema/mrvSchema_16_02_15.xsd\" version=\"ChemAxon file format v16.02.15, generated by v17.2.13.0\">\n<MDocument>\n  <MChemicalStruct>\n    <molecule molID=\"m1\">\n      <atomArray atomID=\"a1 a2 a3 a4 a5 a6 a7 a8 a9\" elementType=\"C C N C O C C C O\" sgroupRef=\"sg1 sg1 sg1 sg1 sg1 sg1 sg1 sg1 sg1\" attachmentPoint=\"0 0 0 1 0 0 0 0 0\" sgroupAttachmentPoint=\"0 0 0 1 0 0 0 0 0\" x2=\"0.5967851315506154 0.596785131550615 -0.7368939902774208 1.9304642533786498 3.2641433752066855 1.9304642533786516 -3.4042522339334913 -2.0705731121054556 -2.0705731121054556\" y2=\"3.9738715890752627 2.4338715890752622 1.6638715890752622 1.6638715890752622 2.4338715890752622 4.743871589075262 1.6638715890752627 2.4338715890752627 3.9738715890752627\"/>\n      <bondArray>\n        <bond id=\"b1\" atomRefs2=\"a1 a2\" order=\"1\"/>\n        <bond id=\"b2\" atomRefs2=\"a2 a4\" order=\"1\"/>\n        <bond id=\"b3\" atomRefs2=\"a4 a5\" order=\"2\"/>\n        <bond id=\"b4\" atomRefs2=\"a1 a6\" order=\"1\"/>\n        <bond id=\"b5\" atomRefs2=\"a3 a8\" order=\"1\"/>\n        <bond id=\"b6\" atomRefs2=\"a7 a8\" order=\"1\"/>\n        <bond id=\"b7\" atomRefs2=\"a8 a9\" order=\"2\"/>\n        <bond id=\"b8\" atomRefs2=\"a2 a3\" order=\"1\"/>\n      </bondArray>\n      <molecule id=\"sg1\" role=\"SuperatomSgroup\" title=\"Custom AA\" molID=\"m2\">\n        <AttachmentPointArray>\n          <attachmentPoint atom=\"a4\" order=\"1\"/>\n        </AttachmentPointArray>\n      </molecule>\n    </molecule>\n  </MChemicalStruct>\n</MDocument>\n</cml>","name":"Custom AA"
		}
	]
}